{"cameraMode":{"drawMode":0,"name":"Shaded","section":"Shading Mode"},"sceneLighting":true,"audioPlay":false,"sceneViewState":{"m_AlwaysRefresh":false,"showFog":true,"showSkybox":true,"showFlares":true,"showImageEffects":true,"showParticleSystems":true,"showVisualEffectGraphs":true,"m_FxEnabled":true},"in2DMode":false,"pivot":{"x":-5.0888261795043949,"y":7.631464004516602,"z":-1.2929936647415162},"rotation":{"x":0.053020577877759936,"y":0.7513180375099182,"z":-0.07022496312856674,"w":0.6591893434524536},"size":0.7037983536720276,"orthographic":false}