{"cameraMode":{"drawMode":0,"name":"Shaded","section":"Shading Mode"},"sceneLighting":true,"audioPlay":false,"sceneViewState":{"m_AlwaysRefresh":false,"showFog":true,"showSkybox":true,"showFlares":true,"showImageEffects":true,"showParticleSystems":true,"showVisualEffectGraphs":true,"m_FxEnabled":true},"in2DMode":false,"pivot":{"x":-13.575736999511719,"y":9.187751770019532,"z":13.369364738464356},"rotation":{"x":0.23669427633285523,"y":0.6207923889160156,"z":-0.2047390341758728,"w":0.7200953364372253},"size":1.3449110984802247,"orthographic":false}