{"cameraMode":{"drawMode":0,"name":"Shaded","section":"Shading Mode"},"sceneLighting":true,"audioPlay":false,"sceneViewState":{"m_AlwaysRefresh":false,"showFog":true,"showSkybox":true,"showFlares":true,"showImageEffects":true,"showParticleSystems":true,"showVisualEffectGraphs":true,"m_FxEnabled":true},"in2DMode":false,"pivot":{"x":-7.309050559997559,"y":-3.8310317993164064,"z":15.948484420776368},"rotation":{"x":0.17034950852394105,"y":-0.23571176826953889,"z":0.04250069335103035,"w":0.9563139081001282},"size":12.149296760559082,"orthographic":false}