{"cameraMode":{"drawMode":0,"name":"Shaded","section":"Shading Mode"},"sceneLighting":true,"audioPlay":false,"sceneViewState":{"m_AlwaysRefresh":false,"showFog":true,"showSkybox":true,"showFlares":true,"showImageEffects":true,"showParticleSystems":true,"showVisualEffectGraphs":true,"m_FxEnabled":true},"in2DMode":false,"pivot":{"x":-30.393795013427736,"y":-1.0199832916259766,"z":30.0842342376709},"rotation":{"x":0.20108938217163087,"y":-0.038291387259960178,"z":-0.008662384934723378,"w":0.9825732707977295},"size":17.366342544555665,"orthographic":false}