{"cameraMode":{"drawMode":0,"name":"Shaded","section":"Shading Mode"},"sceneLighting":true,"audioPlay":false,"sceneViewState":{"m_AlwaysRefresh":false,"showFog":true,"showSkybox":true,"showFlares":true,"showImageEffects":true,"showParticleSystems":true,"showVisualEffectGraphs":true,"m_FxEnabled":true},"in2DMode":false,"pivot":{"x":3.825533628463745,"y":-2.945608139038086,"z":13.190665245056153},"rotation":{"x":-0.19349882006645204,"y":-0.15700866281986237,"z":0.029331322759389879,"w":-0.9688724875450134},"size":10.449999809265137,"orthographic":false}