{"cameraMode":{"drawMode":0,"name":"Shaded","section":"Shading Mode"},"sceneLighting":true,"audioPlay":false,"sceneViewState":{"m_AlwaysRefresh":false,"showFog":true,"showSkybox":true,"showFlares":true,"showImageEffects":true,"showParticleSystems":true,"showVisualEffectGraphs":true,"m_FxEnabled":true},"in2DMode":false,"pivot":{"x":-1.1458439826965333,"y":-3.515160083770752,"z":12.78523063659668},"rotation":{"x":-0.11971864104270935,"y":0.016972212120890619,"z":-0.005752715282142162,"w":-0.9960765838623047},"size":20.87828826904297,"orthographic":false}