{"cameraMode":{"drawMode":0,"name":"Shaded","section":"Shading Mode"},"sceneLighting":true,"audioPlay":false,"sceneViewState":{"m_AlwaysRefresh":false,"showFog":true,"showSkybox":true,"showFlares":true,"showImageEffects":true,"showParticleSystems":true,"showVisualEffectGraphs":true,"m_FxEnabled":true},"in2DMode":false,"pivot":{"x":3.899463176727295,"y":3.158416509628296,"z":13.980203628540039},"rotation":{"x":0.012060909532010556,"y":0.13006384670734406,"z":-0.0004296226252336055,"w":0.9923257827758789},"size":10.449999809265137,"orthographic":false}